[
    {
        "photo": {
            "backgroundColor": {
                "normalColor": {
                    "color": "#FFFFFF",
                    "alpha": 0
                }
            },
            "photos": [
                "picture_color_bg"
            ]
        },
        "sayings": {
            "textIsHidden": false,
            "textLineSpaing": 5,
            "textHAligment": 1,
            "textFont": {
                "fontSize": 20,
                "fontName": "NewYorkMedium-Regular"
            },
            "textVAligment": 1,
            "textColor": {
                "normalColor": {
                    "color": "#4B4B4B",
                    "alpha": 1
                }
            },
            "backgroundColor": {
                "normalColor": {
                    "color": "#FFFFFF",
                    "alpha": 1
                }
            }
        },
        "clock": {
            "clockType": 0,
            "backgroundColor": {
                "normalColor": {
                    "color": "#FFFFFF",
                    "alpha": 1
                }
            },
            "traditionalClock": {
                "hourIndicatorTintColor": {
                    "normalColor": {
                        "color": "#CDCDCD",
                        "alpha": 1
                    }
                },
                "hourIndicatorScale": 0.16,
                "clockMarksImg0": "widget_1_ic_number",
                "clockMarksImg1TintColor": {
                    "normalColor": {
                        "color": "#CDCDCD",
                        "alpha": 1
                    }
                },
                "clockDate": {
                    "dateTextHAligment": 0,
                    "weekTextHAligment": 0,
                    "weekTextIsHidden": false,
                    "dateTextColor": {
                        "normalColor": {
                            "color": "#AEAEAE",
                            "alpha": 1
                        }
                    },
                    "weekTextVAligment": 1,
                    "dateTextVAligment": 1,
                    "dateTextIsHidden": false,
                    "weekTextFont": {
                        "fontSize": 36,
                        "fontName": "SFCompact"
                    },
                    "dateTextFont": {
                        "fontSize": 14,
                        "fontName": "SFCompact"
                    },
                    "weekTextColor": {
                        "normalColor": {
                            "color": "#000000",
                            "alpha": 1
                        }
                    }
                },
                "hourIndicatorImg": "widget_1_ic_sz",
                "clockCenterCircleImg": "widget_1_ic_center",
                "clockMarksImg1": "widget_1_ic_plate",
                "minuteIndicatorTintColor": {
                    "normalColor": {
                        "color": "#CDCDCD",
                        "alpha": 1
                    }
                },
                "clockCenterCircleTintColor": {
                    "normalColor": {
                        "color": "#000000",
                        "alpha": 1
                    }
                },
                "minuteIndicatorImg": "widget_1_ic_fz",
                "shouldHiddenClockBgImage": false,
                "minuteIndicatorScale": 0.22,
                "clockMarksImg0TintColor": {
                    "normalColor": {
                        "color": "#000000",
                        "alpha": 1
                    }
                }
            }
        }
    },
    {
        "photo": {
            "backgroundColor": {
                "normalColor": {
                    "color": "#FFFFFF",
                    "alpha": 0
                }
            },
            "photos": [
                "picture_color_bg"
            ]
        },
        "sayings": {
            "textIsHidden": false,
            "textLineSpaing": 5,
            "textHAligment": 1,
            "textFont": {
                "fontSize": 20,
                "fontName": "NewYorkMedium-Regular"
            },
            "textVAligment": 1,
            "textColor": {
                "normalColor": {
                    "color": "#FFFFFF",
                    "alpha": 1
                }
            },
            "backgroundColor": {
                "normalColor": {
                    "color": "#000000",
                    "alpha": 1
                }
            }
        },
        "clock": {
            "clockType": 0,
            "backgroundColor": {
                "normalColor": {
                    "color": "#000000",
                    "alpha": 1
                }
            },
            "traditionalClock": {
                "hourIndicatorTintColor": {
                    "normalColor": {
                        "color": "#FFFFFF",
                        "alpha": 1
                    }
                },
                "hourIndicatorScale": 0.16,
                "clockMarksImg0": "widget_1_ic_number",
                "clockMarksImg1TintColor": {
                    "normalColor": {
                        "color": "#D8D8D8",
                        "alpha": 1
                    }
                },
                "clockDate": {
                    "dateTextHAligment": 0,
                    "weekTextHAligment": 0,
                    "weekTextIsHidden": false,
                    "dateTextColor": {
                        "normalColor": {
                            "color": "#B3B3B3",
                            "alpha": 1
                        }
                    },
                    "weekTextVAligment": 1,
                    "dateTextVAligment": 1,
                    "dateTextIsHidden": false,
                    "weekTextFont": {
                        "fontSize": 36,
                        "fontName": "SFCompact"
                    },
                    "dateTextFont": {
                        "fontSize": 14,
                        "fontName": "SFCompact"
                    },
                    "weekTextColor": {
                        "normalColor": {
                            "color": "#FFFFFF",
                            "alpha": 1
                        }
                    }
                },
                "hourIndicatorImg": "widget_1_ic_sz",
                "clockCenterCircleImg": "widget_1_ic_center",
                "clockMarksImg1": "widget_1_ic_plate",
                "minuteIndicatorTintColor": {
                    "normalColor": {
                        "color": "#FFFFFF",
                        "alpha": 1
                    }
                },
                "clockCenterCircleTintColor": {
                    "normalColor": {
                        "color": "#FFFFFF",
                        "alpha": 1
                    }
                },
                "minuteIndicatorImg": "widget_1_ic_fz",
                "shouldHiddenClockBgImage": false,
                "minuteIndicatorScale": 0.22,
                "clockMarksImg0TintColor": {
                    "normalColor": {
                        "color": "#FFFFFF",
                        "alpha": 1
                    }
                }
            }
        }
    },
    {
        "photo": {
            "backgroundColor": {
                "normalColor": {
                    "color": "#FFFFFF",
                    "alpha": 0
                }
            },
            "photos": [
                "picture_color_bg"
            ]
        },
        "sayings": {
            "textIsHidden": false,
            "textLineSpaing": 5,
            "textHAligment": 1,
            "textFont": {
                "fontSize": 20,
                "fontName": "NewYorkMedium-Regular"
            },
            "textVAligment": 1,
            "textColor": {
                "normalColor": {
                    "color": "#FFFFFF",
                    "alpha": 1
                }
            },
            "backgroundColor": {
                "normalColor": {
                    "color": "#FF8383",
                    "alpha": 1
                }
            }
        },
        "clock": {
            "clockType": 0,
            "backgroundColor": {
                "normalColor": {
                    "color": "#FFFFFF",
                    "alpha": 1
                }
            },
            "traditionalClock": {
                "hourIndicatorTintColor": {
                    "normalColor": {
                        "color": "#FE6463",
                        "alpha": 1
                    }
                },
                "hourIndicatorScale": 0.16,
                "clockMarksImg0": "widget_1_ic_number",
                "clockMarksImg1TintColor": {
                    "normalColor": {
                        "color": "#CECECE",
                        "alpha": 1
                    }
                },
                "clockDate": {
                    "dateTextHAligment": 0,
                    "weekTextHAligment": 0,
                    "weekTextIsHidden": false,
                    "dateTextColor": {
                        "normalColor": {
                            "color": "#AEAEAE",
                            "alpha": 1
                        }
                    },
                    "weekTextVAligment": 1,
                    "dateTextVAligment": 1,
                    "dateTextIsHidden": false,
                    "weekTextFont": {
                        "fontSize": 36,
                        "fontName": "SFCompact-Medium"
                    },
                    "dateTextFont": {
                        "fontSize": 14,
                        "fontName": "SFCompact-Regular"
                    },
                    "weekTextColor": {
                        "normalColor": {
                            "color": "#000000",
                            "alpha": 1
                        }
                    }
                },
                "hourIndicatorImg": "widget_1_ic_sz",
                "clockCenterCircleImg": "widget_1_ic_center",
                "clockMarksImg1": "widget_1_ic_plate",
                "minuteIndicatorTintColor": {
                    "normalColor": {
                        "color": "#FE6463",
                        "alpha": 1
                    }
                },
                "clockCenterCircleTintColor": {
                    "normalColor": {
                        "color": "#000000",
                        "alpha": 1
                    }
                },
                "minuteIndicatorImg": "widget_1_ic_fz",
                "shouldHiddenClockBgImage": false,
                "minuteIndicatorScale": 0.22,
                "clockMarksImg0TintColor": {
                    "normalColor": {
                        "color": "#3A3A3A",
                        "alpha": 1
                    }
                }
            }
        }
    },
    {
        "photo": {
            "backgroundColor": {
                "normalColor": {
                    "color": "#FFFFFF",
                    "alpha": 0
                }
            },
            "photos": [
                "picture_color_bg"
            ]
        },
        "sayings": {
            "textIsHidden": false,
            "textLineSpaing": 5,
            "textHAligment": 1,
            "textFont": {
                "fontSize": 20,
                "fontName": "NewYorkSmall-Regular"
            },
            "textVAligment": 1,
            "textColor": {
                "normalColor": {
                    "color": "#FFFFFF",
                    "alpha": 1
                }
            },
            "backgroundColor": {
                "normalColor": {
                    "color": "#55E1DE",
                    "alpha": 1
                }
            }
        },
        "clock": {
            "clockType": 0,
            "backgroundColor": {
                "normalColor": {
                    "color": "#FFFFFF",
                    "alpha": 1
                }
            },
            "traditionalClock": {
                "hourIndicatorTintColor": {
                    "normalColor": {
                        "color": "#2BDAD6",
                        "alpha": 1
                    }
                },
                "hourIndicatorScale": 0.16,
                "clockMarksImg0": "widget_1_ic_number",
                "clockMarksImg1TintColor": {
                    "normalColor": {
                        "color": "#CECECE",
                        "alpha": 1
                    }
                },
                "clockDate": {
                    "dateTextHAligment": 0,
                    "weekTextHAligment": 0,
                    "weekTextIsHidden": false,
                    "dateTextColor": {
                        "normalColor": {
                            "color": "#AEAEAE",
                            "alpha": 1
                        }
                    },
                    "weekTextVAligment": 1,
                    "dateTextVAligment": 1,
                    "dateTextIsHidden": false,
                    "weekTextFont": {
                        "fontSize": 36,
                        "fontName": "SFCompact-Medium"
                    },
                    "dateTextFont": {
                        "fontSize": 14,
                        "fontName": "SFCompact-Regular"
                    },
                    "weekTextColor": {
                        "normalColor": {
                            "color": "#000000",
                            "alpha": 1
                        }
                    }
                },
                "hourIndicatorImg": "widget_1_ic_sz",
                "clockCenterCircleImg": "widget_1_ic_center",
                "clockMarksImg1": "widget_1_ic_plate",
                "minuteIndicatorTintColor": {
                    "normalColor": {
                        "color": "#2BDAD6",
                        "alpha": 1
                    }
                },
                "clockCenterCircleTintColor": {
                    "normalColor": {
                        "color": "#000000",
                        "alpha": 1
                    }
                },
                "minuteIndicatorImg": "widget_1_ic_fz",
                "shouldHiddenClockBgImage": false,
                "minuteIndicatorScale": 0.22,
                "clockMarksImg0TintColor": {
                    "normalColor": {
                        "color": "#3A3A3A",
                        "alpha": 1
                    }
                }
            }
        }
    },
    {
        "photo": {
            "backgroundColor": {
                "normalColor": {
                    "color": "#FFFFFF",
                    "alpha": 0
                }
            },
            "photos": [
                "picture_color_bg"
            ]
        },
        "sayings": {
            "textIsHidden": false,
            "textLineSpaing": 5,
            "textHAligment": 1,
            "textFont": {
                "fontSize": 20,
                "fontName": "NewYorkSmall-Regular"
            },
            "textVAligment": 1,
            "textColor": {
                "normalColor": {
                    "color": "#FFFFFF",
                    "alpha": 1
                }
            },
            "backgroundColor": {
                "normalColor": {
                    "color": "#977EFF",
                    "alpha": 1
                }
            }
        },
        "clock": {
            "clockType": 0,
            "backgroundColor": {
                "normalColor": {
                    "color": "#FFFFFF",
                    "alpha": 1
                }
            },
            "traditionalClock": {
                "hourIndicatorTintColor": {
                    "normalColor": {
                        "color": "#7D5EFF",
                        "alpha": 1
                    }
                },
                "hourIndicatorScale": 0.16,
                "clockMarksImg0": "widget_1_ic_number",
                "clockMarksImg1TintColor": {
                    "normalColor": {
                        "color": "#CECECE",
                        "alpha": 1
                    }
                },
                "clockDate": {
                    "dateTextHAligment": 0,
                    "weekTextHAligment": 0,
                    "weekTextIsHidden": false,
                    "dateTextColor": {
                        "normalColor": {
                            "color": "#AEAEAE",
                            "alpha": 1
                        }
                    },
                    "weekTextVAligment": 1,
                    "dateTextVAligment": 1,
                    "dateTextIsHidden": false,
                    "weekTextFont": {
                        "fontSize": 36,
                        "fontName": "SFCompact-Medium"
                    },
                    "dateTextFont": {
                        "fontSize": 14,
                        "fontName": "SFCompact-Regular"
                    },
                    "weekTextColor": {
                        "normalColor": {
                            "color": "#000000",
                            "alpha": 1
                        }
                    }
                },
                "hourIndicatorImg": "widget_1_ic_sz",
                "clockCenterCircleImg": "widget_1_ic_center",
                "clockMarksImg1": "widget_1_ic_plate",
                "minuteIndicatorTintColor": {
                    "normalColor": {
                        "color": "#7D5EFF",
                        "alpha": 1
                    }
                },
                "clockCenterCircleTintColor": {
                    "normalColor": {
                        "color": "#000000",
                        "alpha": 1
                    }
                },
                "minuteIndicatorImg": "widget_1_ic_fz",
                "shouldHiddenClockBgImage": false,
                "minuteIndicatorScale": 0.22,
                "clockMarksImg0TintColor": {
                    "normalColor": {
                        "color": "#3A3A3A",
                        "alpha": 1
                    }
                }
            }
        }
    },
    {
        "photo": {
            "backgroundColor": {
                "normalColor": {
                    "color": "#FFFFFF",
                    "alpha": 0
                }
            },
            "photos": [
                "picture_color_bg"
            ]
        },
        "sayings": {
            "textIsHidden": false,
            "textLineSpaing": 5,
            "textHAligment": 1,
            "textFont": {
                "fontSize": 20,
                "fontName": "NewYorkSmall-Regular"
            },
            "textVAligment": 1,
            "textColor": {
                "normalColor": {
                    "color": "#FFFFFF",
                    "alpha": 1
                }
            },
            "backgroundColor": {
                "normalColor": {
                    "color": "#FBD56A",
                    "alpha": 1
                }
            }
        },
        "clock": {
            "clockType": 0,
            "backgroundColor": {
                "normalColor": {
                    "color": "#FFFFFF",
                    "alpha": 1
                }
            },
            "traditionalClock": {
                "hourIndicatorTintColor": {
                    "normalColor": {
                        "color": "#FFD048",
                        "alpha": 1
                    }
                },
                "hourIndicatorScale": 0.16,
                "clockMarksImg0": "widget_1_ic_number",
                "clockMarksImg1TintColor": {
                    "normalColor": {
                        "color": "#CECECE",
                        "alpha": 1
                    }
                },
                "clockDate": {
                    "dateTextHAligment": 0,
                    "weekTextHAligment": 0,
                    "weekTextIsHidden": false,
                    "dateTextColor": {
                        "normalColor": {
                            "color": "#AEAEAE",
                            "alpha": 1
                        }
                    },
                    "weekTextVAligment": 1,
                    "dateTextVAligment": 1,
                    "dateTextIsHidden": false,
                    "weekTextFont": {
                        "fontSize": 36,
                        "fontName": "SFCompact-Medium"
                    },
                    "dateTextFont": {
                        "fontSize": 14,
                        "fontName": "SFCompact-Regular"
                    },
                    "weekTextColor": {
                        "normalColor": {
                            "color": "#000000",
                            "alpha": 1
                        }
                    }
                },
                "hourIndicatorImg": "widget_1_ic_sz",
                "clockCenterCircleImg": "widget_1_ic_center",
                "clockMarksImg1": "widget_1_ic_plate",
                "minuteIndicatorTintColor": {
                    "normalColor": {
                        "color": "#FFD048",
                        "alpha": 1
                    }
                },
                "clockCenterCircleTintColor": {
                    "normalColor": {
                        "color": "#000000",
                        "alpha": 1
                    }
                },
                "minuteIndicatorImg": "widget_1_ic_fz",
                "shouldHiddenClockBgImage": false,
                "minuteIndicatorScale": 0.22,
                "clockMarksImg0TintColor": {
                    "normalColor": {
                        "color": "#3A3A3A",
                        "alpha": 1
                    }
                }
            }
        }
    }
]
